[{"timestamp":1615415900398,"files":[{"filename":"bundle.*****.esm.js","previous":8376,"size":8421,"diff":45},{"filename":"polyfills.*****.esm.js","previous":2177,"size":2177,"diff":0},{"filename":"route-notfound.chunk.*****.esm.js","previous":332,"size":332,"diff":0},{"filename":"sw.js","previous":8482,"size":8482,"diff":0},{"filename":"sw-esm.js","previous":8486,"size":8486,"diff":0},{"filename":"polyfills.03bf6.js","previous":2175,"size":2175,"diff":0},{"filename":"index.html","previous":787,"size":1635,"diff":848},{"filename":"200.html","previous":793,"size":790,"diff":-3},{"filename":"bundle.558f4.css","previous":481,"size":481,"diff":0},{"filename":"route-classDetails.chunk.3bafb.css","previous":275,"size":275,"diff":0},{"filename":"route-classDetails.chunk.*****.esm.js","previous":1464,"size":1464,"diff":0},{"filename":"route-classEntry.chunk.f5cc7.css","previous":225,"size":225,"diff":0},{"filename":"route-classEntry.chunk.*****.esm.js","previous":302,"size":302,"diff":0},{"filename":"route-classList.chunk.ae41c.css","previous":188,"size":188,"diff":0},{"filename":"route-classList.chunk.*****.esm.js","previous":1145,"size":1145,"diff":0},{"filename":"route-notfound.chunk.4d772.css","previous":65,"size":65,"diff":0},{"filename":"route-classDetails.chunk.ee154.js","previous":1470,"size":1470,"diff":0},{"filename":"route-classEntry.chunk.0d5e9.js","previous":306,"size":306,"diff":0},{"filename":"route-classList.chunk.e6a58.js","previous":1143,"size":1143,"diff":0},{"filename":"route-notfound.chunk.1f00b.js","previous":333,"size":333,"diff":0},{"filename":"bundle.a3f40.js","previous":8348,"size":0,"diff":-8348},{"filename":"bundle.dc7b7.js","previous":0,"size":8394,"diff":8394}]},{"timestamp":1615415847194,"files":[{"filename":"bundle.*****.esm.js","previous":8421,"size":8376,"diff":-45},{"filename":"polyfills.*****.esm.js","previous":2177,"size":2177,"diff":0},{"filename":"route-notfound.chunk.*****.esm.js","previous":332,"size":332,"diff":0},{"filename":"sw.js","previous":8482,"size":8482,"diff":0},{"filename":"sw-esm.js","previous":8486,"size":8486,"diff":0},{"filename":"polyfills.03bf6.js","previous":2175,"size":2175,"diff":0},{"filename":"index.html","previous":1635,"size":787,"diff":-848},{"filename":"200.html","previous":790,"size":793,"diff":3},{"filename":"bundle.558f4.css","previous":481,"size":481,"diff":0},{"filename":"route-classDetails.chunk.3bafb.css","previous":275,"size":275,"diff":0},{"filename":"route-classDetails.chunk.*****.esm.js","previous":1464,"size":1464,"diff":0},{"filename":"route-classEntry.chunk.f5cc7.css","previous":225,"size":225,"diff":0},{"filename":"route-classEntry.chunk.*****.esm.js","previous":302,"size":302,"diff":0},{"filename":"route-classList.chunk.ae41c.css","previous":188,"size":188,"diff":0},{"filename":"route-classList.chunk.*****.esm.js","previous":1145,"size":1145,"diff":0},{"filename":"route-notfound.chunk.4d772.css","previous":65,"size":65,"diff":0},{"filename":"bundle.dc7b7.js","previous":8394,"size":0,"diff":-8394},{"filename":"route-classDetails.chunk.ee154.js","previous":1470,"size":1470,"diff":0},{"filename":"route-classEntry.chunk.0d5e9.js","previous":306,"size":306,"diff":0},{"filename":"route-classList.chunk.e6a58.js","previous":1143,"size":1143,"diff":0},{"filename":"route-notfound.chunk.1f00b.js","previous":333,"size":333,"diff":0},{"filename":"bundle.a3f40.js","previous":0,"size":8348,"diff":8348}]},{"timestamp":1615415699101,"files":[{"filename":"bundle.7e56a.css","previous":445,"size":0,"diff":-445},{"filename":"bundle.*****.esm.js","previous":8429,"size":8421,"diff":-8},{"filename":"polyfills.*****.esm.js","previous":2177,"size":2177,"diff":0},{"filename":"route-home.chunk.e6c71.css","previous":74,"size":0,"diff":-74},{"filename":"route-home.chunk.*****.esm.js","previous":286,"size":0,"diff":-286},{"filename":"route-notfound.chunk.c3378.css","previous":65,"size":0,"diff":-65},{"filename":"route-notfound.chunk.*****.esm.js","previous":331,"size":332,"diff":1},{"filename":"route-profile.chunk.62c75.css","previous":77,"size":0,"diff":-77},{"filename":"route-profile.chunk.*****.esm.js","previous":1130,"size":0,"diff":-1130},{"filename":"sw.js","previous":8482,"size":8482,"diff":0},{"filename":"sw-esm.js","previous":8486,"size":8486,"diff":0},{"filename":"bundle.83d48.js","previous":8405,"size":0,"diff":-8405},{"filename":"polyfills.03bf6.js","previous":2175,"size":2175,"diff":0},{"filename":"route-home.chunk.dab3b.js","previous":288,"size":0,"diff":-288},{"filename":"route-notfound.chunk.10656.js","previous":334,"size":0,"diff":-334},{"filename":"route-profile.chunk.ac71e.js","previous":1135,"size":0,"diff":-1135},{"filename":"index.html","previous":1225,"size":1635,"diff":410},{"filename":"200.html","previous":834,"size":790,"diff":-44},{"filename":"bundle.558f4.css","previous":0,"size":481,"diff":481},{"filename":"route-classDetails.chunk.3bafb.css","previous":0,"size":275,"diff":275},{"filename":"route-classDetails.chunk.*****.esm.js","previous":0,"size":1464,"diff":1464},{"filename":"route-classEntry.chunk.f5cc7.css","previous":0,"size":225,"diff":225},{"filename":"route-classEntry.chunk.*****.esm.js","previous":0,"size":302,"diff":302},{"filename":"route-classList.chunk.ae41c.css","previous":0,"size":188,"diff":188},{"filename":"route-classList.chunk.*****.esm.js","previous":0,"size":1145,"diff":1145},{"filename":"route-notfound.chunk.4d772.css","previous":0,"size":65,"diff":65},{"filename":"bundle.dc7b7.js","previous":0,"size":8394,"diff":8394},{"filename":"route-classDetails.chunk.ee154.js","previous":0,"size":1470,"diff":1470},{"filename":"route-classEntry.chunk.0d5e9.js","previous":0,"size":306,"diff":306},{"filename":"route-classList.chunk.e6a58.js","previous":0,"size":1143,"diff":1143},{"filename":"route-notfound.chunk.1f00b.js","previous":0,"size":333,"diff":333}]},{"timestamp":1615389501056,"files":[{"filename":"ssr-build/ssr-bundle.ac348.css","previous":602,"size":0,"diff":-602},{"filename":"ssr-build/ssr-bundle.js","previous":4249,"size":0,"diff":-4249},{"filename":"bundle.7e56a.css","previous":0,"size":445,"diff":445},{"filename":"bundle.*****.esm.js","previous":0,"size":8429,"diff":8429},{"filename":"polyfills.*****.esm.js","previous":0,"size":2177,"diff":2177},{"filename":"route-home.chunk.e6c71.css","previous":0,"size":74,"diff":74},{"filename":"route-home.chunk.*****.esm.js","previous":0,"size":286,"diff":286},{"filename":"route-notfound.chunk.c3378.css","previous":0,"size":65,"diff":65},{"filename":"route-notfound.chunk.*****.esm.js","previous":0,"size":331,"diff":331},{"filename":"route-profile.chunk.62c75.css","previous":0,"size":77,"diff":77},{"filename":"route-profile.chunk.*****.esm.js","previous":0,"size":1130,"diff":1130},{"filename":"sw.js","previous":0,"size":8482,"diff":8482},{"filename":"sw-esm.js","previous":0,"size":8486,"diff":8486},{"filename":"bundle.83d48.js","previous":0,"size":8405,"diff":8405},{"filename":"polyfills.03bf6.js","previous":0,"size":2175,"diff":2175},{"filename":"route-home.chunk.dab3b.js","previous":0,"size":288,"diff":288},{"filename":"route-notfound.chunk.10656.js","previous":0,"size":334,"diff":334},{"filename":"route-profile.chunk.ac71e.js","previous":0,"size":1135,"diff":1135},{"filename":"index.html","previous":0,"size":1225,"diff":1225},{"filename":"200.html","previous":0,"size":834,"diff":834}]}]
